Emma;248
Lucas;236
Benjamin;473
Lea;317
Raphel;129
Camille;24
Thomas;30
Chloe;95
Alexandre;482
Pauline;424
Antoine;66
Julie;416
Louis;317
Manon;368
Victor;26
Ines;41
Jules;243
Amandine;421
Maxime;11
Clemence;68
Adrien;2
Lucie;135
Martin;337
Marine;484
Simon;294
Audrey;151
Guillaume;387
Caroline;86
Mathis;86
Elodie;67
Thomas;310
Flora;172
Noe;35
Clement;219
Nicolas;227
Audrey;386
Xavier;415
Jeanne;407
Maxence;16
Lena;269
Arnaud;137
Margaux;36
Paul;319
Emmanuelle;174
Samuel;112
Camelia;452
Alexandre;344
Sophie;466
Tristan;267
Estelle;75